{
  "best_task_id": 73,
  "total_time": 240.9388608932495,
  "aggregate_stats": {
    "mean_metric": 5.010712866676123e-14,
    "std_metric": 6.45130727918006e-14,
    "min_metric": 1.2334133788914538e-15,
    "max_metric": 3.219045581308311e-13,
    "mean_metric_dbm": -106.19064382240356,
    "std_metric_dbm": 5.811208852737071,
    "min_metric_dbm": -119.08891345072016,
    "max_metric_dbm": -94.92272873711863,
    "mean_time_per_task": 11.663219985365867,
    "total_sequential_time": 933.0575988292694,
    "total_wall_clock_time": 240.9388608932495,
    "speedup": 3.872590728494688
  },
  "pool_info": {
    "num_workers": 4,
    "num_tasks": 80,
    "tasks_per_worker": {
      "1": 20,
      "0": 21,
      "3": 19,
      "2": 20
    }
  },
  "best_result": {
    "task_id": 73,
    "worker_id": 0,
    "best_position": [
      11.856683731079102,
      18.57912826538086,
      3.8
    ],
    "best_metric": 3.219045581308311e-13,
    "best_metric_dbm": -94.92272873711863,
    "best_iteration": 10,
    "final_position": [
      12.627852439880371,
      25.0,
      3.8
    ],
    "time_elapsed": 16.68164587020874
  },
  "all_metrics_dbm": [
    -106.40975407186525,
    -106.7688485364497,
    -114.37681730204997,
    -100.6153310382195,
    -108.74365530698253,
    -99.57195252363186,
    -101.99652095294044,
    -107.57547000736199,
    -117.89824965513736,
    -113.20435288611762,
    -107.72300148175648,
    -110.32358531964462,
    -107.08817830620919,
    -100.76134843978528,
    -105.16701952559828,
    -105.36207598877672,
    -102.548104064814,
    -104.13117558571372,
    -117.59955807612499,
    -96.64220182266688,
    -103.56325687463908,
    -108.01399250937061,
    -102.91310203624468,
    -104.37864207204748,
    -104.9755869256995,
    -105.43140648129315,
    -95.23992289049113,
    -110.73439561922615,
    -117.44086339324488,
    -114.49516084520528,
    -97.10811150502464,
    -105.71670549653408,
    -99.70561353931967,
    -96.8872852857825,
    -101.31537832135862,
    -106.25841431027362,
    -110.28775032739713,
    -102.50883555251085,
    -103.22190810190659,
    -103.10022059813059,
    -101.910713415424,
    -103.40798192421681,
    -113.57365845251161,
    -108.423106373508,
    -109.98645704845731,
    -107.28556994338936,
    -102.69871103112803,
    -116.51948064261362,
    -104.50798048450443,
    -119.08891345072016,
    -101.84067292050321,
    -103.74404286731053,
    -103.40161476951778,
    -116.0986425247552,
    -104.89856968335818,
    -110.99752564812684,
    -106.45096838350364,
    -104.4081656495203,
    -104.76766156117924,
    -106.33586807938588,
    -109.33350520484726,
    -117.58948122852118,
    -105.30385642492553,
    -103.77508114425976,
    -97.17364112562039,
    -106.41356741360875,
    -113.79135190051866,
    -98.56779953033936,
    -103.7017765107829,
    -104.9728310095833,
    -101.24564187109914,
    -108.21456016926706,
    -97.02803372127234,
    -94.92272873711863,
    -118.03976497659701,
    -110.5629350962655,
    -103.63541169749303,
    -107.27051445986328,
    -114.75465824813367,
    -100.80430689098736
  ],
  "all_positions": [
    [
      17.427921295166016,
      24.237295150756836,
      3.8
    ],
    [
      20.13104820251465,
      11.22933578491211,
      3.8
    ],
    [
      NaN,
      NaN,
      3.8
    ],
    [
      13.868629455566406,
      25.0,
      3.8
    ],
    [
      12.28287410736084,
      7.652772426605225,
      3.8
    ],
    [
      11.47789478302002,
      15.54753589630127,
      3.8
    ],
    [
      16.840072631835938,
      22.982158660888672,
      3.8
    ],
    [
      16.420225143432617,
      18.59760284423828,
      3.8
    ],
    [
      7.3258538246154785,
      8.268715858459473,
      3.8
    ],
    [
      11.4160737991333,
      9.046882629394531,
      3.8
    ],
    [
      14.007719039916992,
      15.020895957946777,
      3.8
    ],
    [
      17.377342224121094,
      14.423074722290039,
      3.8
    ],
    [
      NaN,
      NaN,
      3.8
    ],
    [
      13.488971710205078,
      24.671430587768555,
      3.8
    ],
    [
      16.231428146362305,
      22.433940887451172,
      3.8
    ],
    [
      16.26775360107422,
      22.410512924194336,
      3.8
    ],
    [
      11.23483943939209,
      15.901524543762207,
      3.8
    ],
    [
      NaN,
      NaN,
      3.8
    ],
    [
      5.951391696929932,
      6.863704204559326,
      3.8
    ],
    [
      11.590524673461914,
      19.4941349029541,
      3.8
    ],
    [
      13.639369010925293,
      22.664051055908203,
      3.8
    ],
    [
      22.426942825317383,
      12.3065185546875,
      3.8
    ],
    [
      17.284364700317383,
      22.84518051147461,
      3.8
    ],
    [
      18.907575607299805,
      22.39866065979004,
      3.8
    ],
    [
      19.073219299316406,
      21.640092849731445,
      3.8
    ],
    [
      16.294147491455078,
      17.34215545654297,
      3.8
    ],
    [
      10.767084121704102,
      19.386150360107422,
      3.8
    ],
    [
      NaN,
      NaN,
      3.8
    ],
    [
      5.629520416259766,
      9.846972465515137,
      3.8
    ],
    [
      7.590513229370117,
      7.023215293884277,
      3.8
    ],
    [
      13.26952075958252,
      25.0,
      3.8
    ],
    [
      18.289222717285156,
      14.504500389099121,
      3.8
    ],
    [
      11.572835922241211,
      20.426239013671875,
      3.8
    ],
    [
      11.53679084777832,
      21.101106643676758,
      3.8
    ],
    [
      11.35437297821045,
      15.19437026977539,
      3.8
    ],
    [
      16.175052642822266,
      22.7462158203125,
      3.8
    ],
    [
      9.050168991088867,
      19.84124183654785,
      3.8
    ],
    [
      12.242999076843262,
      14.643733024597168,
      3.8
    ],
    [
      20.867403030395508,
      19.116273880004883,
      3.8
    ],
    [
      17.434619903564453,
      22.276290893554688,
      3.8
    ],
    [
      13.862940788269043,
      24.630794525146484,
      3.8
    ],
    [
      16.42038345336914,
      19.54453468322754,
      3.8
    ],
    [
      21.145263671875,
      6.332185745239258,
      3.8
    ],
    [
      17.479433059692383,
      12.045927047729492,
      3.8
    ],
    [
      NaN,
      NaN,
      3.8
    ],
    [
      17.94000244140625,
      12.243267059326172,
      3.8
    ],
    [
      11.261458396911621,
      13.097742080688477,
      3.8
    ],
    [
      10.376956939697266,
      7.947897911071777,
      3.8
    ],
    [
      11.474325180053711,
      11.593681335449219,
      3.8
    ],
    [
      NaN,
      NaN,
      3.8
    ],
    [
      21.1937313079834,
      18.482303619384766,
      3.8
    ],
    [
      11.286121368408203,
      13.285384178161621,
      3.8
    ],
    [
      16.974821090698242,
      23.956472396850586,
      3.8
    ],
    [
      5.0,
      22.565570831298828,
      3.8
    ],
    [
      16.402589797973633,
      19.702978134155273,
      3.8
    ],
    [
      8.295927047729492,
      20.154720306396484,
      3.8
    ],
    [
      16.755952835083008,
      19.239322662353516,
      3.8
    ],
    [
      15.960405349731445,
      24.702316284179688,
      3.8
    ],
    [
      16.784204483032227,
      22.981538772583008,
      3.8
    ],
    [
      NaN,
      NaN,
      3.8
    ],
    [
      NaN,
      NaN,
      3.8
    ],
    [
      6.835244178771973,
      6.788154125213623,
      3.8
    ],
    [
      15.997636795043945,
      17.42255401611328,
      3.8
    ],
    [
      15.7069730758667,
      22.32583999633789,
      3.8
    ],
    [
      13.132875442504883,
      25.0,
      3.8
    ],
    [
      10.71019458770752,
      15.343600273132324,
      3.8
    ],
    [
      NaN,
      NaN,
      3.8
    ],
    [
      11.181968688964844,
      20.126502990722656,
      3.8
    ],
    [
      16.45528221130371,
      22.571144104003906,
      3.8
    ],
    [
      16.491924285888672,
