{
  "best_worker_id": 1,
  "total_time": 7.878730535507202,
  "aggregate_stats": {
    "mean_metric": 1.11259728444609e-15,
    "std_metric": 8.26738119604036e-17,
    "min_metric": 1.0501238135559774e-15,
    "max_metric": 1.2543490687322648e-15,
    "mean_metric_dbm": -119.54803352897022,
    "std_metric_dbm": 0.3109498487885108,
    "min_metric_dbm": -119.7875949295474,
    "max_metric_dbm": -119.01581588283352,
    "mean_time_per_worker": 5.628356993198395,
    "total_wall_clock_time": 7.878730535507202,
    "speedup": 2.857494347767315
  },
  "best_result": {
    "worker_id": 1,
    "best_position": [
      15.883944511413574,
      24.88539695739746,
      3.8
    ],
    "best_metric": 1.2543490687322648e-15,
    "best_metric_dbm": -119.01581588283352,
    "time_elapsed": 5.391370058059692
  },
  "all_metrics_dbm": [
    -119.65380239073536,
    -119.01581588283352,
    -119.7875949295474,
    -119.73492091276461
  ],
  "all_positions": [
    [
      20.165254592895508,
      11.196088790893555,
      3.8
    ],
    [
      15.883944511413574,
      24.88539695739746,
      3.8
    ],
    [
      19.288742065429688,
      24.394981384277344,
      3.8
    ],
    [
      15.987361907958984,
      24.17232322692871,
      3.8
    ]
  ]
}