{
  "best_worker_id": 1,
  "total_time": 1.8579332828521729,
  "aggregate_stats": {
    "mean_metric": 1.1546262440196366e-14,
    "std_metric": 7.845419434365748e-15,
    "min_metric": 2.8923111007047664e-15,
    "max_metric": 1.9369669916938746e-14,
    "mean_metric_dbm": -110.76543716149676,
    "std_metric_dbm": 3.7028165681723757,
    "min_metric_dbm": -115.38754995591592,
    "max_metric_dbm": -107.12877780131356,
    "mean_time_per_worker": 0.28789520263671875,
    "total_wall_clock_time": 1.8579332828521729,
    "speedup": 0.6198181717155347
  },
  "best_result": {
    "worker_id": 1,
    "best_position": [
      20.0,
      15.0,
      3.799999952316284
    ],
    "best_metric": 1.9369669916938746e-14,
    "best_metric_dbm": -107.12877780131356,
    "time_elapsed": 0.2951033115386963
  },
  "all_metrics_dbm": [
    -115.38754995591592,
    -107.12877780131356,
    -113.41664308744404,
    -107.12877780131356
  ],
  "all_positions": [
    [
      10.0,
      15.0,
      3.799999952316284
    ],
    [
      20.0,
      15.0,
      3.799999952316284
    ],
    [
      15.0,
      25.0,
      3.799999952316284
    ],
    [
      20.0,
      15.0,
      3.799999952316284
    ]
  ]
}